[["Map",1,2,9,10],"meta::meta",["Map",3,4,5,6,7,8],"astro-version","5.4.1","content-config-digest","8d1b7566f4d3c391","astro-config-digest","{\"root\":{},\"srcDir\":{},\"publicDir\":{},\"outDir\":{},\"cacheDir\":{},\"site\":\"https://example.com\",\"compressHTML\":true,\"base\":\"/\",\"trailingSlash\":\"ignore\",\"output\":\"static\",\"scopedStyleStrategy\":\"attribute\",\"build\":{\"format\":\"directory\",\"client\":{},\"server\":{},\"assets\":\"_astro\",\"serverEntry\":\"entry.mjs\",\"redirects\":true,\"inlineStylesheets\":\"auto\",\"concurrency\":1},\"server\":{\"open\":false,\"host\":false,\"port\":4321,\"streaming\":true,\"allowedHosts\":[]},\"redirects\":{},\"image\":{\"endpoint\":{\"route\":\"/_image\"},\"service\":{\"entrypoint\":\"astro/assets/services/sharp\",\"config\":{}},\"domains\":[],\"remotePatterns\":[]},\"devToolbar\":{\"enabled\":true},\"markdown\":{\"syntaxHighlight\":\"shiki\",\"shikiConfig\":{\"langs\":[],\"langAlias\":{},\"theme\":\"github-dark\",\"themes\":{},\"wrap\":false,\"transformers\":[]},\"remarkPlugins\":[],\"rehypePlugins\":[],\"remarkRehype\":{},\"gfm\":true,\"smartypants\":true},\"security\":{\"checkOrigin\":true},\"env\":{\"schema\":{},\"validateSecrets\":false},\"experimental\":{\"clientPrerender\":false,\"contentIntellisense\":false,\"responsiveImages\":false,\"serializeConfig\":false},\"legacy\":{\"collections\":false}}","blog",["Map",11,12,22,23,40,41,58,59,74,75],"using-mdx",{"id":11,"data":13,"body":18,"filePath":19,"digest":20,"deferredRender":21},{"title":14,"description":15,"pubDate":16,"heroImage":17},"Using MDX","Lorem ipsum dolor sit amet",["Date","2024-06-01T04:00:00.000Z"],"/blog-placeholder-5.jpg","This theme comes with the [@astrojs/mdx](https://docs.astro.build/en/guides/integrations-guide/mdx/) integration installed and configured in your `astro.config.mjs` config file. If you prefer not to use MDX, you can disable support by removing the integration from your config file.\n\n## Why MDX?\n\nMDX is a special flavor of Markdown that supports embedded JavaScript & JSX syntax. This unlocks the ability to [mix JavaScript and UI Components into your Markdown content](https://docs.astro.build/en/guides/markdown-content/#mdx-features) for things like interactive charts or alerts.\n\nIf you have existing content authored in MDX, this integration will hopefully make migrating to Astro a breeze.\n\n## Example\n\nHere is how you import and use a UI component inside of MDX.  \nWhen you open this page in the browser, you should see the clickable button below.\n\nimport HeaderLink from '../../components/HeaderLink.astro';\n\n\u003CHeaderLink href=\"#\" onclick=\"alert('clicked!')\">\n\tEmbedded component in MDX\n\u003C/HeaderLink>\n\n## More Links\n\n- [MDX Syntax Documentation](https://mdxjs.com/docs/what-is-mdx)\n- [Astro Usage Documentation](https://docs.astro.build/en/guides/markdown-content/#markdown-and-mdx-pages)\n- **Note:** [Client Directives](https://docs.astro.build/en/reference/directives-reference/#client-directives) are still required to create interactive components. Otherwise, all components in your MDX will render as static HTML (no JavaScript) by default.","src/content/blog/using-mdx.mdx","e841a54ebe3d0df7",true,"first-post",{"id":22,"data":24,"body":28,"filePath":29,"digest":30,"rendered":31},{"title":25,"description":15,"pubDate":26,"heroImage":27},"First post",["Date","2022-07-08T04:00:00.000Z"],"/img_3807.png","This is a test text","src/content/blog/first-post.md","06f6858aa06f915d",{"html":32,"metadata":33},"\u003Cp>This is a test text\u003C/p>",{"headings":34,"localImagePaths":35,"remoteImagePaths":36,"frontmatter":37,"imagePaths":39},[],[],[],{"title":25,"description":15,"pubDate":38,"heroImage":27},"Jul 08 2022",[],"third-post",{"id":40,"data":42,"body":46,"filePath":47,"digest":48,"rendered":49},{"title":43,"description":15,"pubDate":44,"heroImage":45},"Third post",["Date","2022-07-22T04:00:00.000Z"],"/blog-placeholder-2.jpg","Lorem ipsum dolor sit amet, consectetur adipiscing elit, sed do eiusmod tempor incididunt ut labore et dolore magna aliqua. Vitae ultricies leo integer malesuada nunc vel risus commodo viverra. Adipiscing enim eu turpis egestas pretium. Euismod elementum nisi quis eleifend quam adipiscing. In hac habitasse platea dictumst vestibulum. Sagittis purus sit amet volutpat. Netus et malesuada fames ac turpis egestas. Eget magna fermentum iaculis eu non diam phasellus vestibulum lorem. Varius sit amet mattis vulputate enim. Habitasse platea dictumst quisque sagittis. Integer quis auctor elit sed vulputate mi. Dictumst quisque sagittis purus sit amet.\n\nMorbi tristique senectus et netus. Id semper risus in hendrerit gravida rutrum quisque non tellus. Habitasse platea dictumst quisque sagittis purus sit amet. Tellus molestie nunc non blandit massa. Cursus vitae congue mauris rhoncus. Accumsan tortor posuere ac ut. Fringilla urna porttitor rhoncus dolor. Elit ullamcorper dignissim cras tincidunt lobortis. In cursus turpis massa tincidunt dui ut ornare lectus. Integer feugiat scelerisque varius morbi enim nunc. Bibendum neque egestas congue quisque egestas diam. Cras ornare arcu dui vivamus arcu felis bibendum. Dignissim suspendisse in est ante in nibh mauris. Sed tempus urna et pharetra pharetra massa massa ultricies mi.\n\nMollis nunc sed id semper risus in. Convallis a cras semper auctor neque. Diam sit amet nisl suscipit. Lacus viverra vitae congue eu consequat ac felis donec. Egestas integer eget aliquet nibh praesent tristique magna sit amet. Eget magna fermentum iaculis eu non diam. In vitae turpis massa sed elementum. Tristique et egestas quis ipsum suspendisse ultrices. Eget lorem dolor sed viverra ipsum. Vel turpis nunc eget lorem dolor sed viverra. Posuere ac ut consequat semper viverra nam. Laoreet suspendisse interdum consectetur libero id faucibus. Diam phasellus vestibulum lorem sed risus ultricies tristique. Rhoncus dolor purus non enim praesent elementum facilisis. Ultrices tincidunt arcu non sodales neque. Tempus egestas sed sed risus pretium quam vulputate. Viverra suspendisse potenti nullam ac tortor vitae purus faucibus ornare. Fringilla urna porttitor rhoncus dolor purus non. Amet dictum sit amet justo donec enim.\n\nMattis ullamcorper velit sed ullamcorper morbi tincidunt. Tortor posuere ac ut consequat semper viverra. Tellus mauris a diam maecenas sed enim ut sem viverra. Venenatis urna cursus eget nunc scelerisque viverra mauris in. Arcu ac tortor dignissim convallis aenean et tortor at. Curabitur gravida arcu ac tortor dignissim convallis aenean et tortor. Egestas tellus rutrum tellus pellentesque eu. Fusce ut placerat orci nulla pellentesque dignissim enim sit amet. Ut enim blandit volutpat maecenas volutpat blandit aliquam etiam. Id donec ultrices tincidunt arcu. Id cursus metus aliquam eleifend mi.\n\nTempus quam pellentesque nec nam aliquam sem. Risus at ultrices mi tempus imperdiet. Id porta nibh venenatis cras sed felis eget velit. Ipsum a arcu cursus vitae. Facilisis magna etiam tempor orci eu lobortis elementum. Tincidunt dui ut ornare lectus sit. Quisque non tellus orci ac. Blandit libero volutpat sed cras. Nec tincidunt praesent semper feugiat nibh sed pulvinar proin gravida. Egestas integer eget aliquet nibh praesent tristique magna.","src/content/blog/third-post.md","bd6e2dd45bbb0fbe",{"html":50,"metadata":51},"\u003Cp>Lorem ipsum dolor sit amet, consectetur adipiscing elit, sed do eiusmod tempor incididunt ut labore et dolore magna aliqua. Vitae ultricies leo integer malesuada nunc vel risus commodo viverra. Adipiscing enim eu turpis egestas pretium. Euismod elementum nisi quis eleifend quam adipiscing. In hac habitasse platea dictumst vestibulum. Sagittis purus sit amet volutpat. Netus et malesuada fames ac turpis egestas. Eget magna fermentum iaculis eu non diam phasellus vestibulum lorem. Varius sit amet mattis vulputate enim. Habitasse platea dictumst quisque sagittis. Integer quis auctor elit sed vulputate mi. Dictumst quisque sagittis purus sit amet.\u003C/p>\n\u003Cp>Morbi tristique senectus et netus. Id semper risus in hendrerit gravida rutrum quisque non tellus. Habitasse platea dictumst quisque sagittis purus sit amet. Tellus molestie nunc non blandit massa. Cursus vitae congue mauris rhoncus. Accumsan tortor posuere ac ut. Fringilla urna porttitor rhoncus dolor. Elit ullamcorper dignissim cras tincidunt lobortis. In cursus turpis massa tincidunt dui ut ornare lectus. Integer feugiat scelerisque varius morbi enim nunc. Bibendum neque egestas congue quisque egestas diam. Cras ornare arcu dui vivamus arcu felis bibendum. Dignissim suspendisse in est ante in nibh mauris. Sed tempus urna et pharetra pharetra massa massa ultricies mi.\u003C/p>\n\u003Cp>Mollis nunc sed id semper risus in. Convallis a cras semper auctor neque. Diam sit amet nisl suscipit. Lacus viverra vitae congue eu consequat ac felis donec. Egestas integer eget aliquet nibh praesent tristique magna sit amet. Eget magna fermentum iaculis eu non diam. In vitae turpis massa sed elementum. Tristique et egestas quis ipsum suspendisse ultrices. Eget lorem dolor sed viverra ipsum. Vel turpis nunc eget lorem dolor sed viverra. Posuere ac ut consequat semper viverra nam. Laoreet suspendisse interdum consectetur libero id faucibus. Diam phasellus vestibulum lorem sed risus ultricies tristique. Rhoncus dolor purus non enim praesent elementum facilisis. Ultrices tincidunt arcu non sodales neque. Tempus egestas sed sed risus pretium quam vulputate. Viverra suspendisse potenti nullam ac tortor vitae purus faucibus ornare. Fringilla urna porttitor rhoncus dolor purus non. Amet dictum sit amet justo donec enim.\u003C/p>\n\u003Cp>Mattis ullamcorper velit sed ullamcorper morbi tincidunt. Tortor posuere ac ut consequat semper viverra. Tellus mauris a diam maecenas sed enim ut sem viverra. Venenatis urna cursus eget nunc scelerisque viverra mauris in. Arcu ac tortor dignissim convallis aenean et tortor at. Curabitur gravida arcu ac tortor dignissim convallis aenean et tortor. Egestas tellus rutrum tellus pellentesque eu. Fusce ut placerat orci nulla pellentesque dignissim enim sit amet. Ut enim blandit volutpat maecenas volutpat blandit aliquam etiam. Id donec ultrices tincidunt arcu. Id cursus metus aliquam eleifend mi.\u003C/p>\n\u003Cp>Tempus quam pellentesque nec nam aliquam sem. Risus at ultrices mi tempus imperdiet. Id porta nibh venenatis cras sed felis eget velit. Ipsum a arcu cursus vitae. Facilisis magna etiam tempor orci eu lobortis elementum. Tincidunt dui ut ornare lectus sit. Quisque non tellus orci ac. Blandit libero volutpat sed cras. Nec tincidunt praesent semper feugiat nibh sed pulvinar proin gravida. Egestas integer eget aliquet nibh praesent tristique magna.\u003C/p>",{"headings":52,"localImagePaths":53,"remoteImagePaths":54,"frontmatter":55,"imagePaths":57},[],[],[],{"title":43,"description":15,"pubDate":56,"heroImage":45},"Jul 22 2022",[],"second-post",{"id":58,"data":60,"body":46,"filePath":64,"digest":65,"rendered":66},{"title":61,"description":15,"pubDate":62,"heroImage":63},"Second post",["Date","2022-07-15T04:00:00.000Z"],"/blog-placeholder-4.jpg","src/content/blog/second-post.md","7d0b307575643987",{"html":50,"metadata":67},{"headings":68,"localImagePaths":69,"remoteImagePaths":70,"frontmatter":71,"imagePaths":73},[],[],[],{"title":61,"description":15,"pubDate":72,"heroImage":63},"Jul 15 2022",[],"markdown-style-guide",{"id":74,"data":76,"body":81,"filePath":82,"digest":83,"rendered":84},{"title":77,"description":78,"pubDate":79,"heroImage":80},"Markdown Style Guide","Here is a sample of some basic Markdown syntax that can be used when writing Markdown content in Astro.",["Date","2024-06-19T04:00:00.000Z"],"/blog-placeholder-1.jpg","Here is a sample of some basic Markdown syntax that can be used when writing Markdown content in Astro.\n\n## Headings\n\nThe following HTML `\u003Ch1>`—`\u003Ch6>` elements represent six levels of section headings. `\u003Ch1>` is the highest section level while `\u003Ch6>` is the lowest.\n\n# H1\n\n## H2\n\n### H3\n\n#### H4\n\n##### H5\n\n###### H6\n\n## Paragraph\n\nXerum, quo qui aut unt expliquam qui dolut labo. Aque venitatiusda cum, voluptionse latur sitiae dolessi aut parist aut dollo enim qui voluptate ma dolestendit peritin re plis aut quas inctum laceat est volestemque commosa as cus endigna tectur, offic to cor sequas etum rerum idem sintibus eiur? Quianimin porecus evelectur, cum que nis nust voloribus ratem aut omnimi, sitatur? Quiatem. Nam, omnis sum am facea corem alique molestrunt et eos evelece arcillit ut aut eos eos nus, sin conecerem erum fuga. Ri oditatquam, ad quibus unda veliamenimin cusam et facea ipsamus es exerum sitate dolores editium rerore eost, temped molorro ratiae volorro te reribus dolorer sperchicium faceata tiustia prat.\n\nItatur? Quiatae cullecum rem ent aut odis in re eossequodi nonsequ idebis ne sapicia is sinveli squiatum, core et que aut hariosam ex eat.\n\n## Images\n\n### Syntax\n\n```markdown\n![Alt text](./full/or/relative/path/of/image)\n```\n\n### Output\n\n![blog placeholder](/blog-placeholder-about.jpg)\n\n## Blockquotes\n\nThe blockquote element represents content that is quoted from another source, optionally with a citation which must be within a `footer` or `cite` element, and optionally with in-line changes such as annotations and abbreviations.\n\n### Blockquote without attribution\n\n#### Syntax\n\n```markdown\n> Tiam, ad mint andaepu dandae nostion secatur sequo quae.  \n> **Note** that you can use _Markdown syntax_ within a blockquote.\n```\n\n#### Output\n\n> Tiam, ad mint andaepu dandae nostion secatur sequo quae.  \n> **Note** that you can use _Markdown syntax_ within a blockquote.\n\n### Blockquote with attribution\n\n#### Syntax\n\n```markdown\n> Don't communicate by sharing memory, share memory by communicating.\u003Cbr>\n> — \u003Ccite>Rob Pike[^1]\u003C/cite>\n```\n\n#### Output\n\n> Don't communicate by sharing memory, share memory by communicating.\u003Cbr>\n> — \u003Ccite>Rob Pike[^1]\u003C/cite>\n\n[^1]: The above quote is excerpted from Rob Pike's [talk](https://www.youtube.com/watch?v=PAAkCSZUG1c) during Gopherfest, November 18, 2015.\n\n## Tables\n\n### Syntax\n\n```markdown\n| Italics   | Bold     | Code   |\n| --------- | -------- | ------ |\n| _italics_ | **bold** | `code` |\n```\n\n### Output\n\n| Italics   | Bold     | Code   |\n| --------- | -------- | ------ |\n| _italics_ | **bold** | `code` |\n\n## Code Blocks\n\n### Syntax\n\nwe can use 3 backticks ``` in new line and write snippet and close with 3 backticks on new line and to highlight language specific syntax, write one word of language name after first 3 backticks, for eg. html, javascript, css, markdown, typescript, txt, bash\n\n````markdown\n```html\n\u003C!doctype html>\n\u003Chtml lang=\"en\">\n  \u003Chead>\n    \u003Cmeta charset=\"utf-8\" />\n    \u003Ctitle>Example HTML5 Document\u003C/title>\n  \u003C/head>\n  \u003Cbody>\n    \u003Cp>Test\u003C/p>\n  \u003C/body>\n\u003C/html>\n```\n````\n\n### Output\n\n```html\n\u003C!doctype html>\n\u003Chtml lang=\"en\">\n  \u003Chead>\n    \u003Cmeta charset=\"utf-8\" />\n    \u003Ctitle>Example HTML5 Document\u003C/title>\n  \u003C/head>\n  \u003Cbody>\n    \u003Cp>Test\u003C/p>\n  \u003C/body>\n\u003C/html>\n```\n\n## List Types\n\n### Ordered List\n\n#### Syntax\n\n```markdown\n1. First item\n2. Second item\n3. Third item\n```\n\n#### Output\n\n1. First item\n2. Second item\n3. Third item\n\n### Unordered List\n\n#### Syntax\n\n```markdown\n- List item\n- Another item\n- And another item\n```\n\n#### Output\n\n- List item\n- Another item\n- And another item\n\n### Nested list\n\n#### Syntax\n\n```markdown\n- Fruit\n  - Apple\n  - Orange\n  - Banana\n- Dairy\n  - Milk\n  - Cheese\n```\n\n#### Output\n\n- Fruit\n  - Apple\n  - Orange\n  - Banana\n- Dairy\n  - Milk\n  - Cheese\n\n## Other Elements — abbr, sub, sup, kbd, mark\n\n### Syntax\n\n```markdown\n\u003Cabbr title=\"Graphics Interchange Format\">GIF\u003C/abbr> is a bitmap image format.\n\nH\u003Csub>2\u003C/sub>O\n\nX\u003Csup>n\u003C/sup> + Y\u003Csup>n\u003C/sup> = Z\u003Csup>n\u003C/sup>\n\nPress \u003Ckbd>CTRL\u003C/kbd> + \u003Ckbd>ALT\u003C/kbd> + \u003Ckbd>Delete\u003C/kbd> to end the session.\n\nMost \u003Cmark>salamanders\u003C/mark> are nocturnal, and hunt for insects, worms, and other small creatures.\n```\n\n### Output\n\n\u003Cabbr title=\"Graphics Interchange Format\">GIF\u003C/abbr> is a bitmap image format.\n\nH\u003Csub>2\u003C/sub>O\n\nX\u003Csup>n\u003C/sup> + Y\u003Csup>n\u003C/sup> = Z\u003Csup>n\u003C/sup>\n\nPress \u003Ckbd>CTRL\u003C/kbd> + \u003Ckbd>ALT\u003C/kbd> + \u003Ckbd>Delete\u003C/kbd> to end the session.\n\nMost \u003Cmark>salamanders\u003C/mark> are nocturnal, and hunt for insects, worms, and other small creatures.","src/content/blog/markdown-style-guide.md","07fa54e073f7436b",{"html":85,"metadata":86},"\u003Cp>Here is a sample of some basic Markdown syntax that can be used when writing Markdown content in Astro.\u003C/p>\n\u003Ch2 id=\"headings\">Headings\u003C/h2>\n\u003Cp>The following HTML \u003Ccode>&#x3C;h1>\u003C/code>—\u003Ccode>&#x3C;h6>\u003C/code> elements represent six levels of section headings. \u003Ccode>&#x3C;h1>\u003C/code> is the highest section level while \u003Ccode>&#x3C;h6>\u003C/code> is the lowest.\u003C/p>\n\u003Ch1 id=\"h1\">H1\u003C/h1>\n\u003Ch2 id=\"h2\">H2\u003C/h2>\n\u003Ch3 id=\"h3\">H3\u003C/h3>\n\u003Ch4 id=\"h4\">H4\u003C/h4>\n\u003Ch5 id=\"h5\">H5\u003C/h5>\n\u003Ch6 id=\"h6\">H6\u003C/h6>\n\u003Ch2 id=\"paragraph\">Paragraph\u003C/h2>\n\u003Cp>Xerum, quo qui aut unt expliquam qui dolut labo. Aque venitatiusda cum, voluptionse latur sitiae dolessi aut parist aut dollo enim qui voluptate ma dolestendit peritin re plis aut quas inctum laceat est volestemque commosa as cus endigna tectur, offic to cor sequas etum rerum idem sintibus eiur? Quianimin porecus evelectur, cum que nis nust voloribus ratem aut omnimi, sitatur? Quiatem. Nam, omnis sum am facea corem alique molestrunt et eos evelece arcillit ut aut eos eos nus, sin conecerem erum fuga. Ri oditatquam, ad quibus unda veliamenimin cusam et facea ipsamus es exerum sitate dolores editium rerore eost, temped molorro ratiae volorro te reribus dolorer sperchicium faceata tiustia prat.\u003C/p>\n\u003Cp>Itatur? Quiatae cullecum rem ent aut odis in re eossequodi nonsequ idebis ne sapicia is sinveli squiatum, core et que aut hariosam ex eat.\u003C/p>\n\u003Ch2 id=\"images\">Images\u003C/h2>\n\u003Ch3 id=\"syntax\">Syntax\u003C/h3>\n\u003Cpre class=\"astro-code github-dark\" style=\"background-color:#24292e;color:#e1e4e8; overflow-x: auto;\" tabindex=\"0\" data-language=\"markdown\">\u003Ccode>\u003Cspan class=\"line\">\u003Cspan style=\"color:#E1E4E8\">![\u003C/span>\u003Cspan style=\"color:#DBEDFF;text-decoration:underline\">Alt text\u003C/span>\u003Cspan style=\"color:#E1E4E8\">](\u003C/span>\u003Cspan style=\"color:#E1E4E8;text-decoration:underline\">./full/or/relative/path/of/image\u003C/span>\u003Cspan style=\"color:#E1E4E8\">)\u003C/span>\u003C/span>\u003C/code>\u003C/pre>\n\u003Ch3 id=\"output\">Output\u003C/h3>\n\u003Cp>\u003Cimg src=\"/blog-placeholder-about.jpg\" alt=\"blog placeholder\">\u003C/p>\n\u003Ch2 id=\"blockquotes\">Blockquotes\u003C/h2>\n\u003Cp>The blockquote element represents content that is quoted from another source, optionally with a citation which must be within a \u003Ccode>footer\u003C/code> or \u003Ccode>cite\u003C/code> element, and optionally with in-line changes such as annotations and abbreviations.\u003C/p>\n\u003Ch3 id=\"blockquote-without-attribution\">Blockquote without attribution\u003C/h3>\n\u003Ch4 id=\"syntax-1\">Syntax\u003C/h4>\n\u003Cpre class=\"astro-code github-dark\" style=\"background-color:#24292e;color:#e1e4e8; overflow-x: auto;\" tabindex=\"0\" data-language=\"markdown\">\u003Ccode>\u003Cspan class=\"line\">\u003Cspan style=\"color:#85E89D\">> Tiam, ad mint andaepu dandae nostion secatur sequo quae.  \u003C/span>\u003C/span>\n\u003Cspan class=\"line\">\u003Cspan style=\"color:#85E89D\">> \u003C/span>\u003Cspan style=\"color:#E1E4E8;font-weight:bold\">**Note**\u003C/span>\u003Cspan style=\"color:#85E89D\"> that you can use \u003C/span>\u003Cspan style=\"color:#E1E4E8;font-style:italic\">_Markdown syntax_\u003C/span>\u003Cspan style=\"color:#85E89D\"> within a blockquote.\u003C/span>\u003C/span>\u003C/code>\u003C/pre>\n\u003Ch4 id=\"output-1\">Output\u003C/h4>\n\u003Cblockquote>\n\u003Cp>Tiam, ad mint andaepu dandae nostion secatur sequo quae.\u003Cbr>\n\u003Cstrong>Note\u003C/strong> that you can use \u003Cem>Markdown syntax\u003C/em> within a blockquote.\u003C/p>\n\u003C/blockquote>\n\u003Ch3 id=\"blockquote-with-attribution\">Blockquote with attribution\u003C/h3>\n\u003Ch4 id=\"syntax-2\">Syntax\u003C/h4>\n\u003Cpre class=\"astro-code github-dark\" style=\"background-color:#24292e;color:#e1e4e8; overflow-x: auto;\" tabindex=\"0\" data-language=\"markdown\">\u003Ccode>\u003Cspan class=\"line\">\u003Cspan style=\"color:#85E89D\">> Don't communicate by sharing memory, share memory by communicating.&#x3C;br>\u003C/span>\u003C/span>\n\u003Cspan class=\"line\">\u003Cspan style=\"color:#85E89D\">> — &#x3C;cite>Rob Pike[\u003C/span>\u003Cspan style=\"color:#DBEDFF;text-decoration:underline\">^1\u003C/span>\u003Cspan style=\"color:#85E89D\">]&#x3C;/cite>\u003C/span>\u003C/span>\u003C/code>\u003C/pre>\n\u003Ch4 id=\"output-2\">Output\u003C/h4>\n\u003Cblockquote>\n\u003Cp>Don’t communicate by sharing memory, share memory by communicating.\u003Cbr>\n— \u003Ccite>Rob Pike\u003Csup>\u003Ca href=\"#user-content-fn-1\" id=\"user-content-fnref-1\" data-footnote-ref=\"\" aria-describedby=\"footnote-label\">1\u003C/a>\u003C/sup>\u003C/cite>\u003C/p>\n\u003C/blockquote>\n\u003Ch2 id=\"tables\">Tables\u003C/h2>\n\u003Ch3 id=\"syntax-3\">Syntax\u003C/h3>\n\u003Cpre class=\"astro-code github-dark\" style=\"background-color:#24292e;color:#e1e4e8; overflow-x: auto;\" tabindex=\"0\" data-language=\"markdown\">\u003Ccode>\u003Cspan class=\"line\">\u003Cspan style=\"color:#E1E4E8\">| Italics   | Bold     | Code   |\u003C/span>\u003C/span>\n\u003Cspan class=\"line\">\u003Cspan style=\"color:#E1E4E8\">| --------- | -------- | ------ |\u003C/span>\u003C/span>\n\u003Cspan class=\"line\">\u003Cspan style=\"color:#E1E4E8\">| \u003C/span>\u003Cspan style=\"color:#E1E4E8;font-style:italic\">_italics_\u003C/span>\u003Cspan style=\"color:#E1E4E8\"> | \u003C/span>\u003Cspan style=\"color:#E1E4E8;font-weight:bold\">**bold**\u003C/span>\u003Cspan style=\"color:#E1E4E8\"> | \u003C/span>\u003Cspan style=\"color:#79B8FF\">`code`\u003C/span>\u003Cspan style=\"color:#E1E4E8\"> |\u003C/span>\u003C/span>\u003C/code>\u003C/pre>\n\u003Ch3 id=\"output-3\">Output\u003C/h3>\n\n\n\n\n\n\n\n\n\n\n\n\n\n\n\n\u003Ctable>\u003Cthead>\u003Ctr>\u003Cth>Italics\u003C/th>\u003Cth>Bold\u003C/th>\u003Cth>Code\u003C/th>\u003C/tr>\u003C/thead>\u003Ctbody>\u003Ctr>\u003Ctd>\u003Cem>italics\u003C/em>\u003C/td>\u003Ctd>\u003Cstrong>bold\u003C/strong>\u003C/td>\u003Ctd>\u003Ccode>code\u003C/code>\u003C/td>\u003C/tr>\u003C/tbody>\u003C/table>\n\u003Ch2 id=\"code-blocks\">Code Blocks\u003C/h2>\n\u003Ch3 id=\"syntax-4\">Syntax\u003C/h3>\n\u003Cp>we can use 3 backticks ``` in new line and write snippet and close with 3 backticks on new line and to highlight language specific syntax, write one word of language name after first 3 backticks, for eg. html, javascript, css, markdown, typescript, txt, bash\u003C/p>\n\u003Cpre class=\"astro-code github-dark\" style=\"background-color:#24292e;color:#e1e4e8; overflow-x: auto;\" tabindex=\"0\" data-language=\"markdown\">\u003Ccode>\u003Cspan class=\"line\">\u003Cspan style=\"color:#E1E4E8\">```html\u003C/span>\u003C/span>\n\u003Cspan class=\"line\">\u003Cspan style=\"color:#E1E4E8\">&#x3C;!doctype html>\u003C/span>\u003C/span>\n\u003Cspan class=\"line\">\u003Cspan style=\"color:#E1E4E8\">&#x3C;html lang=\"en\">\u003C/span>\u003C/span>\n\u003Cspan class=\"line\">\u003Cspan style=\"color:#E1E4E8\">  &#x3C;head>\u003C/span>\u003C/span>\n\u003Cspan class=\"line\">\u003Cspan style=\"color:#E1E4E8\">    &#x3C;meta charset=\"utf-8\" />\u003C/span>\u003C/span>\n\u003Cspan class=\"line\">\u003Cspan style=\"color:#E1E4E8\">    &#x3C;title>Example HTML5 Document&#x3C;/title>\u003C/span>\u003C/span>\n\u003Cspan class=\"line\">\u003Cspan style=\"color:#E1E4E8\">  &#x3C;/head>\u003C/span>\u003C/span>\n\u003Cspan class=\"line\">\u003Cspan style=\"color:#E1E4E8\">  &#x3C;body>\u003C/span>\u003C/span>\n\u003Cspan class=\"line\">\u003Cspan style=\"color:#E1E4E8\">    &#x3C;p>Test&#x3C;/p>\u003C/span>\u003C/span>\n\u003Cspan class=\"line\">\u003Cspan style=\"color:#E1E4E8\">  &#x3C;/body>\u003C/span>\u003C/span>\n\u003Cspan class=\"line\">\u003Cspan style=\"color:#E1E4E8\">&#x3C;/html>\u003C/span>\u003C/span>\n\u003Cspan class=\"line\">\u003Cspan style=\"color:#E1E4E8\">```\u003C/span>\u003C/span>\u003C/code>\u003C/pre>\n\u003Ch3 id=\"output-4\">Output\u003C/h3>\n\u003Cpre class=\"astro-code github-dark\" style=\"background-color:#24292e;color:#e1e4e8; overflow-x: auto;\" tabindex=\"0\" data-language=\"html\">\u003Ccode>\u003Cspan class=\"line\">\u003Cspan style=\"color:#E1E4E8\">&#x3C;!\u003C/span>\u003Cspan style=\"color:#85E89D\">doctype\u003C/span>\u003Cspan style=\"color:#B392F0\"> html\u003C/span>\u003Cspan style=\"color:#E1E4E8\">>\u003C/span>\u003C/span>\n\u003Cspan class=\"line\">\u003Cspan style=\"color:#E1E4E8\">&#x3C;\u003C/span>\u003Cspan style=\"color:#85E89D\">html\u003C/span>\u003Cspan style=\"color:#B392F0\"> lang\u003C/span>\u003Cspan style=\"color:#E1E4E8\">=\u003C/span>\u003Cspan style=\"color:#9ECBFF\">\"en\"\u003C/span>\u003Cspan style=\"color:#E1E4E8\">>\u003C/span>\u003C/span>\n\u003Cspan class=\"line\">\u003Cspan style=\"color:#E1E4E8\">  &#x3C;\u003C/span>\u003Cspan style=\"color:#85E89D\">head\u003C/span>\u003Cspan style=\"color:#E1E4E8\">>\u003C/span>\u003C/span>\n\u003Cspan class=\"line\">\u003Cspan style=\"color:#E1E4E8\">    &#x3C;\u003C/span>\u003Cspan style=\"color:#85E89D\">meta\u003C/span>\u003Cspan style=\"color:#B392F0\"> charset\u003C/span>\u003Cspan style=\"color:#E1E4E8\">=\u003C/span>\u003Cspan style=\"color:#9ECBFF\">\"utf-8\"\u003C/span>\u003Cspan style=\"color:#E1E4E8\"> />\u003C/span>\u003C/span>\n\u003Cspan class=\"line\">\u003Cspan style=\"color:#E1E4E8\">    &#x3C;\u003C/span>\u003Cspan style=\"color:#85E89D\">title\u003C/span>\u003Cspan style=\"color:#E1E4E8\">>Example HTML5 Document&#x3C;/\u003C/span>\u003Cspan style=\"color:#85E89D\">title\u003C/span>\u003Cspan style=\"color:#E1E4E8\">>\u003C/span>\u003C/span>\n\u003Cspan class=\"line\">\u003Cspan style=\"color:#E1E4E8\">  &#x3C;/\u003C/span>\u003Cspan style=\"color:#85E89D\">head\u003C/span>\u003Cspan style=\"color:#E1E4E8\">>\u003C/span>\u003C/span>\n\u003Cspan class=\"line\">\u003Cspan style=\"color:#E1E4E8\">  &#x3C;\u003C/span>\u003Cspan style=\"color:#85E89D\">body\u003C/span>\u003Cspan style=\"color:#E1E4E8\">>\u003C/span>\u003C/span>\n\u003Cspan class=\"line\">\u003Cspan style=\"color:#E1E4E8\">    &#x3C;\u003C/span>\u003Cspan style=\"color:#85E89D\">p\u003C/span>\u003Cspan style=\"color:#E1E4E8\">>Test&#x3C;/\u003C/span>\u003Cspan style=\"color:#85E89D\">p\u003C/span>\u003Cspan style=\"color:#E1E4E8\">>\u003C/span>\u003C/span>\n\u003Cspan class=\"line\">\u003Cspan style=\"color:#E1E4E8\">  &#x3C;/\u003C/span>\u003Cspan style=\"color:#85E89D\">body\u003C/span>\u003Cspan style=\"color:#E1E4E8\">>\u003C/span>\u003C/span>\n\u003Cspan class=\"line\">\u003Cspan style=\"color:#E1E4E8\">&#x3C;/\u003C/span>\u003Cspan style=\"color:#85E89D\">html\u003C/span>\u003Cspan style=\"color:#E1E4E8\">>\u003C/span>\u003C/span>\u003C/code>\u003C/pre>\n\u003Ch2 id=\"list-types\">List Types\u003C/h2>\n\u003Ch3 id=\"ordered-list\">Ordered List\u003C/h3>\n\u003Ch4 id=\"syntax-5\">Syntax\u003C/h4>\n\u003Cpre class=\"astro-code github-dark\" style=\"background-color:#24292e;color:#e1e4e8; overflow-x: auto;\" tabindex=\"0\" data-language=\"markdown\">\u003Ccode>\u003Cspan class=\"line\">\u003Cspan style=\"color:#FFAB70\">1.\u003C/span>\u003Cspan style=\"color:#E1E4E8\"> First item\u003C/span>\u003C/span>\n\u003Cspan class=\"line\">\u003Cspan style=\"color:#FFAB70\">2.\u003C/span>\u003Cspan style=\"color:#E1E4E8\"> Second item\u003C/span>\u003C/span>\n\u003Cspan class=\"line\">\u003Cspan style=\"color:#FFAB70\">3.\u003C/span>\u003Cspan style=\"color:#E1E4E8\"> Third item\u003C/span>\u003C/span>\u003C/code>\u003C/pre>\n\u003Ch4 id=\"output-5\">Output\u003C/h4>\n\u003Col>\n\u003Cli>First item\u003C/li>\n\u003Cli>Second item\u003C/li>\n\u003Cli>Third item\u003C/li>\n\u003C/ol>\n\u003Ch3 id=\"unordered-list\">Unordered List\u003C/h3>\n\u003Ch4 id=\"syntax-6\">Syntax\u003C/h4>\n\u003Cpre class=\"astro-code github-dark\" style=\"background-color:#24292e;color:#e1e4e8; overflow-x: auto;\" tabindex=\"0\" data-language=\"markdown\">\u003Ccode>\u003Cspan class=\"line\">\u003Cspan style=\"color:#FFAB70\">-\u003C/span>\u003Cspan style=\"color:#E1E4E8\"> List item\u003C/span>\u003C/span>\n\u003Cspan class=\"line\">\u003Cspan style=\"color:#FFAB70\">-\u003C/span>\u003Cspan style=\"color:#E1E4E8\"> Another item\u003C/span>\u003C/span>\n\u003Cspan class=\"line\">\u003Cspan style=\"color:#FFAB70\">-\u003C/span>\u003Cspan style=\"color:#E1E4E8\"> And another item\u003C/span>\u003C/span>\u003C/code>\u003C/pre>\n\u003Ch4 id=\"output-6\">Output\u003C/h4>\n\u003Cul>\n\u003Cli>List item\u003C/li>\n\u003Cli>Another item\u003C/li>\n\u003Cli>And another item\u003C/li>\n\u003C/ul>\n\u003Ch3 id=\"nested-list\">Nested list\u003C/h3>\n\u003Ch4 id=\"syntax-7\">Syntax\u003C/h4>\n\u003Cpre class=\"astro-code github-dark\" style=\"background-color:#24292e;color:#e1e4e8; overflow-x: auto;\" tabindex=\"0\" data-language=\"markdown\">\u003Ccode>\u003Cspan class=\"line\">\u003Cspan style=\"color:#FFAB70\">-\u003C/span>\u003Cspan style=\"color:#E1E4E8\"> Fruit\u003C/span>\u003C/span>\n\u003Cspan class=\"line\">\u003Cspan style=\"color:#FFAB70\">  -\u003C/span>\u003Cspan style=\"color:#E1E4E8\"> Apple\u003C/span>\u003C/span>\n\u003Cspan class=\"line\">\u003Cspan style=\"color:#FFAB70\">  -\u003C/span>\u003Cspan style=\"color:#E1E4E8\"> Orange\u003C/span>\u003C/span>\n\u003Cspan class=\"line\">\u003Cspan style=\"color:#FFAB70\">  -\u003C/span>\u003Cspan style=\"color:#E1E4E8\"> Banana\u003C/span>\u003C/span>\n\u003Cspan class=\"line\">\u003Cspan style=\"color:#FFAB70\">-\u003C/span>\u003Cspan style=\"color:#E1E4E8\"> Dairy\u003C/span>\u003C/span>\n\u003Cspan class=\"line\">\u003Cspan style=\"color:#FFAB70\">  -\u003C/span>\u003Cspan style=\"color:#E1E4E8\"> Milk\u003C/span>\u003C/span>\n\u003Cspan class=\"line\">\u003Cspan style=\"color:#FFAB70\">  -\u003C/span>\u003Cspan style=\"color:#E1E4E8\"> Cheese\u003C/span>\u003C/span>\u003C/code>\u003C/pre>\n\u003Ch4 id=\"output-7\">Output\u003C/h4>\n\u003Cul>\n\u003Cli>Fruit\n\u003Cul>\n\u003Cli>Apple\u003C/li>\n\u003Cli>Orange\u003C/li>\n\u003Cli>Banana\u003C/li>\n\u003C/ul>\n\u003C/li>\n\u003Cli>Dairy\n\u003Cul>\n\u003Cli>Milk\u003C/li>\n\u003Cli>Cheese\u003C/li>\n\u003C/ul>\n\u003C/li>\n\u003C/ul>\n\u003Ch2 id=\"other-elements--abbr-sub-sup-kbd-mark\">Other Elements — abbr, sub, sup, kbd, mark\u003C/h2>\n\u003Ch3 id=\"syntax-8\">Syntax\u003C/h3>\n\u003Cpre class=\"astro-code github-dark\" style=\"background-color:#24292e;color:#e1e4e8; overflow-x: auto;\" tabindex=\"0\" data-language=\"markdown\">\u003Ccode>\u003Cspan class=\"line\">\u003Cspan style=\"color:#E1E4E8\">&#x3C;abbr title=\"Graphics Interchange Format\">GIF&#x3C;/abbr> is a bitmap image format.\u003C/span>\u003C/span>\n\u003Cspan class=\"line\">\u003C/span>\n\u003Cspan class=\"line\">\u003Cspan style=\"color:#E1E4E8\">H&#x3C;sub>2&#x3C;/sub>O\u003C/span>\u003C/span>\n\u003Cspan class=\"line\">\u003C/span>\n\u003Cspan class=\"line\">\u003Cspan style=\"color:#E1E4E8\">X&#x3C;sup>n&#x3C;/sup> + Y&#x3C;sup>n&#x3C;/sup> = Z&#x3C;sup>n&#x3C;/sup>\u003C/span>\u003C/span>\n\u003Cspan class=\"line\">\u003C/span>\n\u003Cspan class=\"line\">\u003Cspan style=\"color:#E1E4E8\">Press &#x3C;kbd>CTRL&#x3C;/kbd> + &#x3C;kbd>ALT&#x3C;/kbd> + &#x3C;kbd>Delete&#x3C;/kbd> to end the session.\u003C/span>\u003C/span>\n\u003Cspan class=\"line\">\u003C/span>\n\u003Cspan class=\"line\">\u003Cspan style=\"color:#E1E4E8\">Most &#x3C;mark>salamanders&#x3C;/mark> are nocturnal, and hunt for insects, worms, and other small creatures.\u003C/span>\u003C/span>\u003C/code>\u003C/pre>\n\u003Ch3 id=\"output-8\">Output\u003C/h3>\n\u003Cp>\u003Cabbr title=\"Graphics Interchange Format\">GIF\u003C/abbr> is a bitmap image format.\u003C/p>\n\u003Cp>H\u003Csub>2\u003C/sub>O\u003C/p>\n\u003Cp>X\u003Csup>n\u003C/sup> + Y\u003Csup>n\u003C/sup> = Z\u003Csup>n\u003C/sup>\u003C/p>\n\u003Cp>Press \u003Ckbd>CTRL\u003C/kbd> + \u003Ckbd>ALT\u003C/kbd> + \u003Ckbd>Delete\u003C/kbd> to end the session.\u003C/p>\n\u003Cp>Most \u003Cmark>salamanders\u003C/mark> are nocturnal, and hunt for insects, worms, and other small creatures.\u003C/p>\n\u003Csection data-footnotes=\"\" class=\"footnotes\">\u003Ch2 class=\"sr-only\" id=\"footnote-label\">Footnotes\u003C/h2>\n\u003Col>\n\u003Cli id=\"user-content-fn-1\">\n\u003Cp>The above quote is excerpted from Rob Pike’s \u003Ca href=\"https://www.youtube.com/watch?v=PAAkCSZUG1c\">talk\u003C/a> during Gopherfest, November 18, 2015. \u003Ca href=\"#user-content-fnref-1\" data-footnote-backref=\"\" aria-label=\"Back to reference 1\" class=\"data-footnote-backref\">↩\u003C/a>\u003C/p>\n\u003C/li>\n\u003C/ol>\n\u003C/section>",{"headings":87,"localImagePaths":192,"remoteImagePaths":193,"frontmatter":194,"imagePaths":196},[88,92,96,99,103,107,111,115,118,121,124,127,130,133,135,137,140,142,144,147,149,151,154,156,158,161,164,166,168,171,173,175,178,180,182,185,187,189],{"depth":89,"slug":90,"text":91},2,"headings","Headings",{"depth":93,"slug":94,"text":95},1,"h1","H1",{"depth":89,"slug":97,"text":98},"h2","H2",{"depth":100,"slug":101,"text":102},3,"h3","H3",{"depth":104,"slug":105,"text":106},4,"h4","H4",{"depth":108,"slug":109,"text":110},5,"h5","H5",{"depth":112,"slug":113,"text":114},6,"h6","H6",{"depth":89,"slug":116,"text":117},"paragraph","Paragraph",{"depth":89,"slug":119,"text":120},"images","Images",{"depth":100,"slug":122,"text":123},"syntax","Syntax",{"depth":100,"slug":125,"text":126},"output","Output",{"depth":89,"slug":128,"text":129},"blockquotes","Blockquotes",{"depth":100,"slug":131,"text":132},"blockquote-without-attribution","Blockquote without attribution",{"depth":104,"slug":134,"text":123},"syntax-1",{"depth":104,"slug":136,"text":126},"output-1",{"depth":100,"slug":138,"text":139},"blockquote-with-attribution","Blockquote with attribution",{"depth":104,"slug":141,"text":123},"syntax-2",{"depth":104,"slug":143,"text":126},"output-2",{"depth":89,"slug":145,"text":146},"tables","Tables",{"depth":100,"slug":148,"text":123},"syntax-3",{"depth":100,"slug":150,"text":126},"output-3",{"depth":89,"slug":152,"text":153},"code-blocks","Code Blocks",{"depth":100,"slug":155,"text":123},"syntax-4",{"depth":100,"slug":157,"text":126},"output-4",{"depth":89,"slug":159,"text":160},"list-types","List Types",{"depth":100,"slug":162,"text":163},"ordered-list","Ordered List",{"depth":104,"slug":165,"text":123},"syntax-5",{"depth":104,"slug":167,"text":126},"output-5",{"depth":100,"slug":169,"text":170},"unordered-list","Unordered List",{"depth":104,"slug":172,"text":123},"syntax-6",{"depth":104,"slug":174,"text":126},"output-6",{"depth":100,"slug":176,"text":177},"nested-list","Nested list",{"depth":104,"slug":179,"text":123},"syntax-7",{"depth":104,"slug":181,"text":126},"output-7",{"depth":89,"slug":183,"text":184},"other-elements--abbr-sub-sup-kbd-mark","Other Elements — abbr, sub, sup, kbd, mark",{"depth":100,"slug":186,"text":123},"syntax-8",{"depth":100,"slug":188,"text":126},"output-8",{"depth":89,"slug":190,"text":191},"footnote-label","Footnotes",[],[],{"title":77,"description":78,"pubDate":195,"heroImage":80},"Jun 19 2024",[]]